antecedents,consequents,antecedent support,consequent support,support,confidence,lift,representativity,leverage,conviction,zhangs_metric,jaccard,certainty,kulczynski
frozenset({'key fob'}),frozenset({'shed'}),0.031996952671174174,0.02275973716788877,0.02275973716788877,0.7113095238095237,31.25297619047619,1.0,0.02203149493491947,3.3850796733153534,1.0,0.711309523809524,0.7045859783203867,0.8556547619047619
frozenset({'shed'}),frozenset({'key fob'}),0.02275973716788877,0.031996952671174174,0.02275973716788877,1.0,31.25297619047619,1.0,0.02203149493491947,inf,0.9905476515299163,0.711309523809524,1.0,0.8556547619047619
frozenset({'red hanging heart t-light holder'}),frozenset({'white hanging heart t-light holder'}),0.050757070755166174,0.15788972478811542,0.03671078944862394,0.723264540337711,4.580820831173886,1.0,0.028696769516039847,3.0430154351724368,0.8234967980546829,0.2135142619772916,0.6713785975445329,0.47788679369117154
frozenset({'sweetheart ceramic trinket box'}),frozenset({'strawberry ceramic trinket box'}),0.04766212741643653,0.07808780116179412,0.03790115227121227,0.7952047952047953,10.183470188348238,1.0,0.034179321542569474,4.5016298099368015,0.9469345628195975,0.4314363143631437,0.7778582330798012,0.640285324431666
frozenset({'wooden picture frame white finish'}),frozenset({'wooden frame antique white'}),0.04509094371964575,0.05428054471002761,0.028806780306637463,0.6388595564941922,11.769586320606164,1.0,0.026359219320045892,2.6187027022210643,0.9582433432028863,0.4082321187584346,0.6181315278164851,0.5847806554400785
